{"cameraMode":{"drawMode":0,"name":"Shaded","section":"Shading Mode"},"sceneLighting":true,"audioPlay":false,"sceneViewState":{"m_AlwaysRefresh":false,"showFog":true,"showSkybox":true,"showFlares":true,"showImageEffects":true,"showParticleSystems":true,"showVisualEffectGraphs":true,"m_FxEnabled":true},"in2DMode":false,"pivot":{"x":-0.04232722148299217,"y":0.8348904252052307,"z":-0.038225382566452029},"rotation":{"x":0.09182416647672653,"y":-0.7118014097213745,"z":0.09472828358411789,"w":0.6899240016937256},"size":2.4073948860168459,"orthographic":false}