{"cameraMode":{"drawMode":0,"name":"Shaded","section":"Shading Mode"},"sceneLighting":false,"audioPlay":false,"sceneViewState":{"m_AlwaysRefresh":false,"showFog":true,"showSkybox":false,"showFlares":true,"showImageEffects":true,"showParticleSystems":true,"showVisualEffectGraphs":true,"m_FxEnabled":true},"in2DMode":false,"pivot":{"x":7.6578216552734379,"y":26.375539779663087,"z":-192.93551635742188},"rotation":{"x":-0.6315061450004578,"y":0.14970627427101136,"z":-0.12501296401023866,"w":-0.7505891919136047},"size":118.96576690673828,"orthographic":false}